val_loss_step,step,val_loss_epoch,epoch,train_loss_epoch
2.565531015396118,0,,,
2.593602418899536,1,,,
2.9403250217437744,2,,,
2.591012954711914,3,,,
2.622178077697754,4,,,
2.5289103984832764,5,,,
2.344416856765747,6,,,
2.4906210899353027,7,,,
2.291337728500366,8,,,
2.568476915359497,9,,,
,9,2.5536415576934814,0,
,9,,0,2.937195301055908
